Location,Year,Month,Day,Day_Name,Hour,Bought_Chocolate Iced Glazed,Bought_Drinks,Bought_Glazed Chocolate Cake,Bought_Original Glazed,Month_Name
Jurong,2021,1,11,Monday,Afternoon,11,1,26,25,January
Jurong,2021,1,11,Monday,Evening,2,1,4,2,January
Jurong,2021,1,11,Monday,Morning,1,2,10,5,January
Jurong,2021,1,12,Tuesday,Afternoon,5,2,6,16,January
Jurong,2021,1,12,Tuesday,Evening,1,0,1,1,January
Jurong,2021,1,12,Tuesday,Morning,2,1,4,5,January
Jurong,2021,2,11,Thursday,Afternoon,13,3,18,10,February
Jurong,2021,2,11,Thursday,Evening,2,0,0,4,February
Jurong,2021,2,11,Thursday,Morning,6,1,14,18,February
Jurong,2021,2,12,Friday,Afternoon,6,7,9,9,February
Jurong,2021,2,12,Friday,Evening,0,0,0,1,February
Jurong,2021,2,12,Friday,Morning,3,1,4,17,February
Jurong,2021,3,11,Friday,Afternoon,14,5,15,19,March
Jurong,2021,3,11,Friday,Evening,3,3,2,3,March
Jurong,2021,3,11,Friday,Morning,4,2,12,11,March
Jurong,2021,3,12,Saturday,Afternoon,19,15,15,25,March
Jurong,2021,3,12,Saturday,Evening,0,1,5,4,March
Jurong,2021,3,12,Saturday,Morning,3,3,8,14,March
Jurong,2021,4,11,Monday,Afternoon,17,2,17,27,April
Jurong,2021,4,11,Monday,Evening,4,2,2,0,April
Jurong,2021,4,11,Monday,Morning,6,1,8,18,April
Jurong,2021,4,12,Tuesday,Afternoon,12,5,6,23,April
Jurong,2021,4,12,Tuesday,Evening,1,0,0,3,April
Jurong,2021,4,12,Tuesday,Morning,3,0,4,6,April
Jurong,2021,5,11,Wednesday,Afternoon,22,16,16,28,May
Jurong,2021,5,11,Wednesday,Evening,6,2,2,2,May
Jurong,2021,5,11,Wednesday,Morning,15,7,17,29,May
Jurong,2021,5,12,Thursday,Afternoon,9,1,7,16,May
Jurong,2021,5,12,Thursday,Evening,1,0,1,3,May
Jurong,2021,5,12,Thursday,Morning,3,1,8,10,May
Jurong,2021,6,11,Saturday,Afternoon,25,11,13,31,June
Jurong,2021,6,11,Saturday,Evening,3,1,1,0,June
Jurong,2021,6,11,Saturday,Morning,3,3,8,14,June
Jurong,2021,6,12,Sunday,Afternoon,8,1,12,10,June
Jurong,2021,6,12,Sunday,Evening,1,0,1,1,June
Jurong,2021,6,12,Sunday,Morning,8,0,4,16,June
Jurong,2021,7,11,Monday,Afternoon,10,3,15,25,July
Jurong,2021,7,11,Monday,Evening,0,1,1,4,July
Jurong,2021,7,11,Monday,Morning,5,0,9,12,July
Jurong,2021,7,12,Tuesday,Afternoon,8,1,4,11,July
Jurong,2021,7,12,Tuesday,Evening,0,0,1,2,July
Jurong,2021,7,12,Tuesday,Morning,3,1,1,4,July
Jurong,2021,8,11,Thursday,Afternoon,13,5,18,18,August
Jurong,2021,8,11,Thursday,Evening,1,0,1,3,August
Jurong,2021,8,11,Thursday,Morning,3,1,5,11,August
Jurong,2021,8,12,Friday,Afternoon,9,0,5,7,August
Jurong,2021,8,12,Friday,Evening,0,0,0,1,August
Jurong,2021,8,12,Friday,Morning,3,1,3,11,August
Jurong,2021,9,11,Sunday,Afternoon,7,2,13,21,September
Jurong,2021,9,11,Sunday,Evening,1,2,2,4,September
Jurong,2021,9,11,Sunday,Morning,1,1,2,3,September
Jurong,2021,9,12,Monday,Afternoon,13,2,10,10,September
Jurong,2021,9,12,Monday,Evening,1,1,2,2,September
Jurong,2021,9,12,Monday,Morning,4,0,8,14,September
Jurong,2021,10,11,Tuesday,Afternoon,9,7,8,15,October
Jurong,2021,10,11,Tuesday,Evening,6,2,1,4,October
Jurong,2021,10,11,Tuesday,Morning,7,1,11,15,October
Jurong,2021,10,12,Wednesday,Afternoon,5,8,18,23,October
Jurong,2021,10,12,Wednesday,Evening,3,1,5,2,October
Jurong,2021,10,12,Wednesday,Morning,6,4,8,15,October
Jurong,2021,10,30,Sunday,Afternoon,12,10,16,20,October
Jurong,2021,10,30,Sunday,Morning,6,3,13,8,October
Jurong,2021,10,31,Monday,Afternoon,23,4,23,23,October
Jurong,2021,10,31,Monday,Evening,1,0,0,1,October
Jurong,2021,10,31,Monday,Morning,6,1,10,20,October
Jurong,2021,11,11,Friday,Afternoon,10,5,12,16,November
Jurong,2021,11,11,Friday,Evening,3,0,7,4,November
Jurong,2021,11,11,Friday,Morning,5,2,8,19,November
Jurong,2021,11,12,Saturday,Afternoon,5,3,12,17,November
Jurong,2021,11,12,Saturday,Morning,3,2,2,5,November
Jurong,2021,11,13,Sunday,Afternoon,15,8,12,29,November
Jurong,2021,11,13,Sunday,Evening,1,6,1,4,November
Jurong,2021,11,13,Sunday,Morning,1,1,7,10,November
Jurong,2021,11,14,Monday,Afternoon,13,4,14,29,November
Jurong,2021,11,14,Monday,Evening,3,5,1,2,November
Jurong,2021,11,14,Monday,Morning,5,1,12,9,November
Jurong,2021,11,15,Tuesday,Afternoon,4,0,13,27,November
Jurong,2021,11,15,Tuesday,Evening,4,0,3,2,November
Jurong,2021,11,15,Tuesday,Morning,2,3,5,6,November
Jurong,2021,11,16,Wednesday,Afternoon,12,2,9,19,November
Jurong,2021,11,16,Wednesday,Evening,0,0,1,2,November
Jurong,2021,11,16,Wednesday,Morning,2,1,8,10,November
Jurong,2021,11,17,Thursday,Afternoon,14,5,10,17,November
Jurong,2021,11,17,Thursday,Evening,3,2,2,4,November
Jurong,2021,11,17,Thursday,Morning,3,2,4,5,November
Jurong,2021,11,18,Friday,Afternoon,12,1,14,14,November
Jurong,2021,11,18,Friday,Evening,4,0,3,4,November
Jurong,2021,11,18,Friday,Morning,1,0,7,19,November
Jurong,2021,11,19,Saturday,Afternoon,4,10,17,35,November
Jurong,2021,11,19,Saturday,Evening,0,0,4,2,November
Jurong,2021,11,19,Saturday,Morning,3,7,14,20,November
Jurong,2021,11,20,Sunday,Afternoon,30,11,17,24,November
Jurong,2021,11,20,Sunday,Morning,1,1,5,7,November
Jurong,2021,11,21,Monday,Afternoon,6,5,7,10,November
Jurong,2021,11,21,Monday,Evening,2,0,2,1,November
Jurong,2021,11,21,Monday,Morning,2,2,5,11,November
Jurong,2021,11,22,Tuesday,Afternoon,5,0,11,11,November
Jurong,2021,11,22,Tuesday,Evening,1,2,1,2,November
Jurong,2021,11,22,Tuesday,Morning,0,3,4,5,November
Jurong,2021,11,23,Wednesday,Afternoon,9,0,9,9,November
Jurong,2021,11,23,Wednesday,Evening,1,0,1,2,November
Jurong,2021,11,23,Wednesday,Morning,0,2,2,8,November
Jurong,2021,11,24,Thursday,Afternoon,6,0,3,10,November
Jurong,2021,11,24,Thursday,Evening,0,4,1,0,November
Jurong,2021,11,24,Thursday,Morning,4,2,8,16,November
Jurong,2021,11,25,Friday,Afternoon,6,3,10,17,November
Jurong,2021,11,25,Friday,Evening,3,0,4,4,November
Jurong,2021,11,25,Friday,Morning,1,2,3,18,November
Jurong,2021,11,26,Saturday,Afternoon,14,2,27,29,November
Jurong,2021,11,26,Saturday,Evening,3,1,2,4,November
Jurong,2021,11,26,Saturday,Morning,4,0,8,21,November
Jurong,2021,11,27,Sunday,Afternoon,19,9,15,21,November
Jurong,2021,11,27,Sunday,Morning,2,4,8,9,November
Jurong,2021,11,28,Monday,Afternoon,3,4,3,18,November
Jurong,2021,11,28,Monday,Evening,2,0,2,5,November
Jurong,2021,11,28,Monday,Morning,0,0,3,6,November
Jurong,2021,11,29,Tuesday,Afternoon,10,0,13,13,November
Jurong,2021,11,29,Tuesday,Evening,0,0,0,1,November
Jurong,2021,11,29,Tuesday,Morning,2,1,5,17,November
Jurong,2021,11,30,Wednesday,Afternoon,12,6,10,19,November
Jurong,2021,11,30,Wednesday,Evening,1,2,0,4,November
Jurong,2021,11,30,Wednesday,Morning,2,1,3,7,November
Jurong,2021,12,11,Sunday,Afternoon,36,7,16,31,December
Jurong,2021,12,11,Sunday,Evening,2,0,0,2,December
Jurong,2021,12,11,Sunday,Morning,2,1,9,13,December
Jurong,2021,12,12,Monday,Afternoon,4,3,6,20,December
Jurong,2021,12,12,Monday,Evening,0,1,1,1,December
Jurong,2021,12,12,Monday,Morning,2,0,3,4,December
Jurong,2021,12,13,Tuesday,Afternoon,3,3,2,14,December
Jurong,2021,12,13,Tuesday,Evening,3,0,2,2,December
Jurong,2021,12,13,Tuesday,Morning,5,2,6,11,December
Jurong,2021,12,14,Wednesday,Afternoon,9,5,13,16,December
Jurong,2021,12,14,Wednesday,Morning,2,0,1,10,December
Jurong,2021,12,15,Thursday,Afternoon,2,2,6,21,December
Jurong,2021,12,15,Thursday,Evening,2,5,3,6,December
Jurong,2021,12,15,Thursday,Morning,2,2,3,9,December
Jurong,2021,12,16,Friday,Afternoon,12,2,16,21,December
Jurong,2021,12,16,Friday,Evening,1,1,0,4,December
Jurong,2021,12,16,Friday,Morning,5,4,6,15,December
Jurong,2021,12,17,Saturday,Afternoon,7,7,7,17,December
Jurong,2021,12,17,Saturday,Evening,4,9,3,3,December
Jurong,2021,12,17,Saturday,Morning,3,2,2,8,December
Jurong,2021,12,18,Sunday,Afternoon,6,13,6,20,December
Jurong,2021,12,18,Sunday,Morning,0,0,0,3,December
Jurong,2021,12,19,Monday,Afternoon,13,1,22,25,December
Jurong,2021,12,19,Monday,Evening,2,0,0,1,December
Jurong,2021,12,19,Monday,Morning,3,2,7,11,December
Jurong,2021,12,20,Tuesday,Afternoon,7,3,7,16,December
Jurong,2021,12,20,Tuesday,Evening,0,0,0,2,December
Jurong,2021,12,20,Tuesday,Morning,1,0,7,8,December
Jurong,2021,12,21,Wednesday,Afternoon,8,3,8,18,December
Jurong,2021,12,21,Wednesday,Evening,2,0,2,2,December
Jurong,2021,12,21,Wednesday,Morning,2,1,4,10,December
Jurong,2021,12,22,Thursday,Afternoon,10,3,15,10,December
Jurong,2021,12,22,Thursday,Evening,3,1,3,2,December
Jurong,2021,12,22,Thursday,Morning,3,1,6,13,December
Jurong,2021,12,23,Friday,Afternoon,15,13,9,16,December
Jurong,2021,12,23,Friday,Morning,5,3,6,11,December
Jurong,2021,12,24,Saturday,Afternoon,12,13,19,20,December
Jurong,2021,12,24,Saturday,Evening,0,1,1,1,December
Jurong,2021,12,24,Saturday,Morning,4,10,3,9,December
Jurong,2021,12,27,Tuesday,Afternoon,0,2,6,13,December
Jurong,2021,12,28,Wednesday,Afternoon,4,2,7,25,December
Jurong,2021,12,28,Wednesday,Evening,2,2,0,3,December
Jurong,2021,12,28,Wednesday,Morning,2,0,5,11,December
Jurong,2021,12,29,Thursday,Afternoon,11,8,11,32,December
Jurong,2021,12,29,Thursday,Evening,1,1,1,5,December
Jurong,2021,12,29,Thursday,Morning,1,1,6,10,December
Jurong,2021,12,30,Friday,Afternoon,4,8,15,24,December
Jurong,2021,12,30,Friday,Evening,0,0,0,2,December
Jurong,2021,12,30,Friday,Morning,0,3,2,2,December
Jurong,2021,12,31,Saturday,Afternoon,7,5,11,19,December
Jurong,2021,12,31,Saturday,Evening,0,0,1,0,December
Jurong,2021,12,31,Saturday,Morning,0,1,1,9,December
Jurong,2022,1,1,Sunday,Evening,0,0,0,1,January
Jurong,2022,1,2,Monday,Afternoon,7,2,10,22,January
Jurong,2022,1,2,Monday,Evening,5,1,0,3,January
Jurong,2022,1,2,Monday,Morning,6,1,2,13,January
Jurong,2022,1,3,Tuesday,Afternoon,6,5,11,12,January
Jurong,2022,1,3,Tuesday,Evening,1,0,0,2,January
Jurong,2022,1,3,Tuesday,Morning,1,1,5,9,January
Jurong,2022,1,4,Wednesday,Afternoon,13,4,16,25,January
Jurong,2022,1,4,Wednesday,Evening,0,2,3,5,January
Jurong,2022,1,4,Wednesday,Morning,8,4,3,13,January
Jurong,2022,1,13,Friday,Afternoon,8,4,9,19,January
Jurong,2022,1,13,Friday,Evening,2,4,1,4,January
Jurong,2022,1,13,Friday,Morning,4,0,2,5,January
Jurong,2022,1,14,Saturday,Afternoon,15,7,15,33,January
Jurong,2022,1,14,Saturday,Evening,4,3,2,2,January
Jurong,2022,1,14,Saturday,Morning,9,4,1,15,January
Jurong,2022,1,15,Sunday,Afternoon,9,6,12,29,January
Jurong,2022,1,15,Sunday,Evening,0,0,2,1,January
Jurong,2022,1,15,Sunday,Morning,1,2,1,2,January
Jurong,2022,1,16,Monday,Afternoon,3,1,6,9,January
Jurong,2022,1,16,Monday,Evening,1,0,0,2,January
Jurong,2022,1,16,Monday,Morning,2,4,3,10,January
Jurong,2022,1,17,Tuesday,Afternoon,11,1,7,17,January
Jurong,2022,1,17,Tuesday,Evening,1,0,0,1,January
Jurong,2022,1,17,Tuesday,Morning,0,0,0,9,January
Jurong,2022,1,18,Wednesday,Afternoon,6,3,9,3,January
Jurong,2022,1,18,Wednesday,Evening,6,0,2,4,January
Jurong,2022,1,18,Wednesday,Morning,4,0,7,6,January
Jurong,2022,1,19,Thursday,Afternoon,9,4,16,21,January
Jurong,2022,1,19,Thursday,Evening,1,0,0,0,January
Jurong,2022,1,19,Thursday,Morning,5,1,7,5,January
Jurong,2022,1,20,Friday,Afternoon,5,4,15,23,January
Jurong,2022,1,20,Friday,Evening,4,3,4,2,January
Jurong,2022,1,20,Friday,Morning,5,1,6,14,January
Jurong,2022,1,21,Saturday,Afternoon,21,16,18,30,January
Jurong,2022,1,21,Saturday,Evening,3,2,3,1,January
Jurong,2022,1,21,Saturday,Morning,5,2,7,8,January
Jurong,2022,1,22,Sunday,Afternoon,14,9,19,23,January
Jurong,2022,1,22,Sunday,Morning,4,4,3,13,January
Jurong,2022,1,23,Monday,Afternoon,13,2,13,10,January
Jurong,2022,1,23,Monday,Evening,4,2,0,3,January
Jurong,2022,1,23,Monday,Morning,1,0,2,5,January
Jurong,2022,1,24,Tuesday,Afternoon,11,2,13,17,January
Jurong,2022,1,24,Tuesday,Evening,1,0,1,5,January
Jurong,2022,1,24,Tuesday,Morning,0,1,1,10,January
Jurong,2022,1,25,Wednesday,Afternoon,6,3,14,7,January
Jurong,2022,1,25,Wednesday,Morning,1,0,3,5,January
Jurong,2022,1,26,Thursday,Afternoon,12,4,23,17,January
Jurong,2022,1,26,Thursday,Evening,1,0,0,2,January
Jurong,2022,1,26,Thursday,Morning,0,1,3,5,January
Jurong,2022,1,27,Friday,Afternoon,11,7,19,24,January
Jurong,2022,1,27,Friday,Evening,6,2,2,2,January
Jurong,2022,1,27,Friday,Morning,6,0,6,9,January
Jurong,2022,1,28,Saturday,Afternoon,16,18,16,39,January
Jurong,2022,1,28,Saturday,Evening,2,0,3,5,January
Jurong,2022,1,28,Saturday,Morning,6,7,9,14,January
Jurong,2022,1,29,Sunday,Afternoon,16,11,16,21,January
Jurong,2022,1,29,Sunday,Evening,1,2,2,1,January
Jurong,2022,1,29,Sunday,Morning,2,1,4,5,January
Jurong,2022,1,30,Monday,Afternoon,4,2,13,13,January
Jurong,2022,1,30,Monday,Evening,0,2,1,0,January
Jurong,2022,1,30,Monday,Morning,0,0,1,5,January
Jurong,2022,1,31,Tuesday,Afternoon,11,2,11,13,January
Jurong,2022,1,31,Tuesday,Evening,4,1,4,4,January
Jurong,2022,1,31,Tuesday,Morning,3,2,2,12,January
Jurong,2022,2,2,Thursday,Afternoon,16,3,22,21,February
Jurong,2022,2,2,Thursday,Evening,2,1,1,2,February
Jurong,2022,2,2,Thursday,Morning,1,0,0,9,February
Jurong,2022,2,3,Friday,Afternoon,3,4,7,14,February
Jurong,2022,2,3,Friday,Evening,0,0,2,4,February
Jurong,2022,2,3,Friday,Morning,2,0,3,6,February
Jurong,2022,2,4,Saturday,Afternoon,16,1,15,16,February
Jurong,2022,2,4,Saturday,Morning,5,2,2,11,February
Jurong,2022,2,13,Monday,Afternoon,15,2,16,18,February
Jurong,2022,2,13,Monday,Evening,2,2,2,6,February
Jurong,2022,2,13,Monday,Morning,3,4,3,7,February
Jurong,2022,2,14,Tuesday,Afternoon,13,5,7,19,February
Jurong,2022,2,14,Tuesday,Evening,0,3,0,2,February
Jurong,2022,2,14,Tuesday,Morning,2,0,2,6,February
Jurong,2022,2,15,Wednesday,Afternoon,7,6,10,13,February
Jurong,2022,2,15,Wednesday,Evening,1,0,0,0,February
Jurong,2022,2,15,Wednesday,Morning,1,0,0,4,February
Jurong,2022,2,16,Thursday,Afternoon,17,12,20,14,February
Jurong,2022,2,16,Thursday,Evening,0,0,0,1,February
Jurong,2022,2,16,Thursday,Morning,3,1,0,2,February
Jurong,2022,2,17,Friday,Afternoon,13,10,26,26,February
Jurong,2022,2,17,Friday,Evening,4,1,4,5,February
Jurong,2022,2,17,Friday,Morning,1,1,2,9,February
Jurong,2022,2,18,Saturday,Afternoon,17,7,29,29,February
Jurong,2022,2,18,Saturday,Evening,8,1,1,8,February
Jurong,2022,2,18,Saturday,Morning,1,4,12,16,February
Jurong,2022,2,19,Sunday,Afternoon,25,7,17,30,February
Jurong,2022,2,19,Sunday,Evening,0,2,0,0,February
Jurong,2022,2,19,Sunday,Morning,5,3,5,6,February
Jurong,2022,2,20,Monday,Afternoon,8,5,17,19,February
Jurong,2022,2,20,Monday,Evening,2,0,3,4,February
Jurong,2022,2,20,Monday,Morning,1,2,3,8,February
Jurong,2022,2,21,Tuesday,Afternoon,7,2,10,21,February
Jurong,2022,2,21,Tuesday,Evening,4,0,1,1,February
Jurong,2022,2,21,Tuesday,Morning,1,0,2,3,February
Jurong,2022,2,22,Wednesday,Afternoon,8,4,18,19,February
Jurong,2022,2,22,Wednesday,Evening,5,0,0,4,February
Jurong,2022,2,22,Wednesday,Morning,5,0,1,7,February
Jurong,2022,2,23,Thursday,Afternoon,10,2,12,5,February
Jurong,2022,2,23,Thursday,Evening,5,1,2,3,February
Jurong,2022,2,23,Thursday,Morning,1,1,0,13,February
Jurong,2022,2,24,Friday,Afternoon,14,1,13,21,February
Jurong,2022,2,24,Friday,Evening,3,0,2,6,February
Jurong,2022,2,24,Friday,Morning,2,3,2,10,February
Jurong,2022,2,25,Saturday,Afternoon,13,7,15,26,February
Jurong,2022,2,25,Saturday,Evening,2,1,1,3,February
Jurong,2022,2,25,Saturday,Morning,9,3,9,18,February
Jurong,2022,2,26,Sunday,Afternoon,13,7,23,35,February
Jurong,2022,2,26,Sunday,Evening,2,1,1,0,February
Jurong,2022,2,26,Sunday,Morning,1,1,11,8,February
Jurong,2022,2,27,Monday,Afternoon,2,1,14,11,February
Jurong,2022,2,27,Monday,Evening,1,0,1,0,February
Jurong,2022,2,27,Monday,Morning,0,0,4,6,February
Jurong,2022,2,28,Tuesday,Afternoon,5,2,17,20,February
Jurong,2022,2,28,Tuesday,Evening,6,4,1,7,February
Jurong,2022,2,28,Tuesday,Morning,2,2,5,10,February
Jurong,2022,3,1,Wednesday,Afternoon,5,4,7,13,March
Jurong,2022,3,1,Wednesday,Evening,3,1,1,1,March
Jurong,2022,3,1,Wednesday,Morning,4,0,0,7,March
Jurong,2022,3,2,Thursday,Afternoon,9,2,19,23,March
Jurong,2022,3,2,Thursday,Evening,0,3,2,6,March
Jurong,2022,3,2,Thursday,Morning,6,2,3,8,March
Jurong,2022,3,3,Friday,Afternoon,7,5,14,22,March
Jurong,2022,3,3,Friday,Evening,1,1,0,1,March
Jurong,2022,3,3,Friday,Morning,3,0,7,10,March
Jurong,2022,3,4,Saturday,Afternoon,6,2,9,20,March
Jurong,2022,3,4,Saturday,Evening,5,3,2,1,March
Jurong,2022,3,4,Saturday,Morning,1,0,4,7,March
Jurong,2022,3,13,Monday,Afternoon,4,4,12,15,March
Jurong,2022,3,13,Monday,Evening,2,0,1,3,March
Jurong,2022,3,13,Monday,Morning,2,0,4,7,March
Jurong,2022,3,14,Tuesday,Afternoon,3,2,13,11,March
Jurong,2022,3,14,Tuesday,Evening,3,1,3,4,March
Jurong,2022,3,14,Tuesday,Morning,2,2,3,7,March
Jurong,2022,3,15,Wednesday,Afternoon,14,2,6,8,March
Jurong,2022,3,15,Wednesday,Evening,4,2,1,5,March
Jurong,2022,3,15,Wednesday,Morning,1,1,3,6,March
Jurong,2022,3,16,Thursday,Afternoon,6,2,10,9,March
Jurong,2022,3,16,Thursday,Evening,1,2,1,4,March
Jurong,2022,3,16,Thursday,Morning,6,3,5,12,March
Jurong,2022,3,17,Friday,Afternoon,8,3,5,15,March
Jurong,2022,3,17,Friday,Evening,0,3,0,0,March
Jurong,2022,3,17,Friday,Morning,4,1,4,11,March
Jurong,2022,3,18,Saturday,Afternoon,19,12,16,19,March
Jurong,2022,3,18,Saturday,Evening,3,0,3,2,March
Jurong,2022,3,18,Saturday,Morning,2,5,4,10,March
Jurong,2022,3,19,Sunday,Afternoon,13,6,19,29,March
Jurong,2022,3,19,Sunday,Evening,0,0,0,1,March
Jurong,2022,3,19,Sunday,Morning,2,0,3,6,March
Jurong,2022,3,20,Monday,Afternoon,8,3,6,10,March
Jurong,2022,3,20,Monday,Evening,1,0,1,2,March
Jurong,2022,3,20,Monday,Morning,3,0,4,11,March
Jurong,2022,3,21,Tuesday,Afternoon,12,1,10,15,March
Jurong,2022,3,21,Tuesday,Evening,1,0,0,2,March
Jurong,2022,3,21,Tuesday,Morning,3,0,1,3,March
Jurong,2022,3,22,Wednesday,Afternoon,8,1,11,20,March
Jurong,2022,3,22,Wednesday,Evening,2,0,3,3,March
Jurong,2022,3,22,Wednesday,Morning,3,1,2,6,March
Jurong,2022,3,23,Thursday,Afternoon,13,4,17,20,March
Jurong,2022,3,23,Thursday,Evening,0,1,0,1,March
Jurong,2022,3,23,Thursday,Morning,1,0,3,8,March
Jurong,2022,3,24,Friday,Afternoon,9,3,8,22,March
Jurong,2022,3,24,Friday,Evening,4,0,3,3,March
Jurong,2022,3,24,Friday,Morning,3,2,4,5,March
Jurong,2022,3,25,Saturday,Afternoon,23,7,24,34,March
Jurong,2022,3,25,Saturday,Evening,3,1,3,4,March
Jurong,2022,3,25,Saturday,Morning,4,3,10,11,March
Jurong,2022,3,26,Sunday,Afternoon,14,7,19,26,March
Jurong,2022,3,26,Sunday,Evening,2,0,1,1,March
Jurong,2022,3,26,Sunday,Morning,3,1,5,5,March
Jurong,2022,3,27,Monday,Afternoon,6,4,11,12,March
Jurong,2022,3,27,Monday,Evening,0,0,1,1,March
Jurong,2022,3,27,Monday,Morning,2,2,1,4,March
Jurong,2022,3,28,Tuesday,Afternoon,11,5,18,12,March
Jurong,2022,3,28,Tuesday,Evening,1,0,0,1,March
Jurong,2022,3,28,Tuesday,Morning,0,1,1,6,March
Jurong,2022,3,29,Wednesday,Afternoon,5,3,10,17,March
Jurong,2022,3,29,Wednesday,Evening,1,0,1,4,March
Jurong,2022,3,29,Wednesday,Morning,3,1,1,7,March
Jurong,2022,3,30,Thursday,Afternoon,15,3,13,16,March
Jurong,2022,3,30,Thursday,Evening,4,0,2,3,March
Jurong,2022,3,30,Thursday,Morning,2,6,4,10,March
Jurong,2022,3,31,Friday,Afternoon,10,8,15,26,March
Jurong,2022,3,31,Friday,Evening,2,0,1,5,March
Jurong,2022,3,31,Friday,Morning,6,0,7,7,March
Jurong,2022,4,1,Saturday,Afternoon,8,3,6,11,April
Jurong,2022,4,1,Saturday,Evening,2,0,0,5,April
Jurong,2022,4,1,Saturday,Morning,1,0,1,3,April
Jurong,2022,4,2,Sunday,Afternoon,24,8,26,30,April
Jurong,2022,4,2,Sunday,Evening,11,24,8,12,April
Jurong,2022,4,2,Sunday,Morning,7,2,2,13,April
Jurong,2022,4,3,Monday,Afternoon,24,19,19,33,April
Jurong,2022,4,3,Monday,Evening,4,1,4,4,April
Jurong,2022,4,3,Monday,Morning,7,5,6,14,April
Jurong,2022,4,4,Tuesday,Afternoon,7,1,12,23,April
Jurong,2022,4,4,Tuesday,Evening,2,1,3,1,April
Jurong,2022,4,4,Tuesday,Morning,1,1,2,7,April
Jurong,2022,5,1,Monday,Afternoon,9,3,11,17,May
Jurong,2022,5,1,Monday,Evening,0,0,0,1,May
Jurong,2022,5,1,Monday,Morning,2,2,2,10,May
Jurong,2022,5,2,Tuesday,Afternoon,12,3,21,32,May
Jurong,2022,5,2,Tuesday,Morning,2,3,7,13,May
Jurong,2022,5,3,Wednesday,Afternoon,8,3,9,19,May
Jurong,2022,5,3,Wednesday,Evening,0,2,0,0,May
Jurong,2022,5,3,Wednesday,Morning,2,2,4,10,May
Jurong,2022,5,4,Thursday,Afternoon,11,4,15,10,May
Jurong,2022,5,4,Thursday,Evening,7,1,5,7,May
Jurong,2022,5,4,Thursday,Morning,2,2,3,9,May
Jurong,2022,6,1,Thursday,Afternoon,4,3,5,12,June
Jurong,2022,6,1,Thursday,Evening,0,0,1,4,June
Jurong,2022,6,1,Thursday,Morning,6,0,1,8,June
Jurong,2022,6,2,Friday,Afternoon,10,2,15,15,June
Jurong,2022,6,2,Friday,Evening,1,2,0,3,June
Jurong,2022,6,2,Friday,Morning,3,1,5,11,June
Jurong,2022,6,3,Saturday,Afternoon,11,1,15,17,June
Jurong,2022,6,3,Saturday,Evening,1,1,0,1,June
Jurong,2022,6,3,Saturday,Morning,1,0,5,7,June
Jurong,2022,6,4,Sunday,Afternoon,9,4,17,15,June
Jurong,2022,6,4,Sunday,Evening,6,0,2,2,June
Jurong,2022,6,4,Sunday,Morning,2,0,2,7,June
Jurong,2022,7,1,Saturday,Afternoon,6,9,22,32,July
Jurong,2022,7,1,Saturday,Evening,1,1,0,4,July
Jurong,2022,7,1,Saturday,Morning,1,2,5,13,July
Jurong,2022,7,2,Sunday,Afternoon,9,1,8,14,July
Jurong,2022,7,2,Sunday,Evening,3,0,0,3,July
Jurong,2022,7,2,Sunday,Morning,0,5,5,8,July
Jurong,2022,7,3,Monday,Afternoon,16,4,15,16,July
Jurong,2022,7,3,Monday,Evening,1,0,0,0,July
Jurong,2022,7,3,Monday,Morning,2,1,4,8,July
Jurong,2022,7,4,Tuesday,Afternoon,14,1,4,12,July
Jurong,2022,7,4,Tuesday,Evening,1,0,1,2,July
Jurong,2022,7,4,Tuesday,Morning,5,0,5,12,July
Jurong,2022,8,1,Tuesday,Afternoon,10,9,9,26,August
Jurong,2022,8,1,Tuesday,Morning,0,0,3,3,August
Jurong,2022,8,2,Wednesday,Afternoon,1,3,19,15,August
Jurong,2022,8,2,Wednesday,Evening,1,1,1,2,August
Jurong,2022,8,2,Wednesday,Morning,1,2,1,5,August
Jurong,2022,8,3,Thursday,Afternoon,3,1,9,10,August
Jurong,2022,8,3,Thursday,Evening,1,0,2,2,August
Jurong,2022,8,3,Thursday,Morning,1,1,5,10,August
Jurong,2022,8,4,Friday,Afternoon,15,13,10,22,August
Jurong,2022,8,4,Friday,Evening,6,4,6,5,August
Jurong,2022,8,4,Friday,Morning,6,9,7,15,August
Jurong,2022,9,1,Friday,Afternoon,5,3,14,9,September
Jurong,2022,9,1,Friday,Evening,1,0,1,0,September
Jurong,2022,9,1,Friday,Morning,2,0,4,10,September
Jurong,2022,9,2,Saturday,Afternoon,10,7,17,12,September
Jurong,2022,9,2,Saturday,Evening,1,0,0,1,September
Jurong,2022,9,2,Saturday,Morning,2,0,1,5,September
Jurong,2022,9,3,Sunday,Afternoon,6,1,15,10,September
Jurong,2022,9,3,Sunday,Evening,3,0,1,1,September
Jurong,2022,9,3,Sunday,Morning,2,1,0,6,September
Jurong,2022,9,4,Monday,Afternoon,8,7,10,15,September
Jurong,2022,9,4,Monday,Morning,1,3,1,3,September
Jurong,2022,10,1,Sunday,Afternoon,7,5,8,12,October
Jurong,2022,10,1,Sunday,Evening,0,0,0,2,October
Jurong,2022,10,1,Sunday,Morning,2,0,2,3,October
Jurong,2022,10,2,Monday,Afternoon,18,6,19,19,October
Jurong,2022,10,2,Monday,Evening,1,1,0,3,October
Jurong,2022,10,2,Monday,Morning,4,1,2,11,October
Jurong,2022,10,3,Tuesday,Afternoon,7,3,7,15,October
Jurong,2022,10,3,Tuesday,Evening,3,0,0,2,October
Jurong,2022,10,3,Tuesday,Morning,8,1,8,24,October
Jurong,2022,11,1,Wednesday,Afternoon,8,3,8,18,November
Jurong,2022,11,1,Wednesday,Evening,1,0,0,0,November
Jurong,2022,11,1,Wednesday,Morning,5,1,3,11,November
Jurong,2022,11,2,Thursday,Afternoon,13,11,19,31,November
Jurong,2022,11,2,Thursday,Evening,2,1,9,7,November
Jurong,2022,11,2,Thursday,Morning,4,4,5,9,November
Jurong,2022,11,3,Friday,Afternoon,16,7,17,23,November
Jurong,2022,11,3,Friday,Evening,3,2,0,5,November
Jurong,2022,11,3,Friday,Morning,2,1,11,10,November
Jurong,2022,12,1,Friday,Afternoon,6,2,7,9,December
Jurong,2022,12,1,Friday,Evening,0,0,0,1,December
Jurong,2022,12,1,Friday,Morning,3,0,4,9,December
Jurong,2022,12,2,Saturday,Afternoon,13,7,7,20,December
Jurong,2022,12,2,Saturday,Evening,0,2,0,0,December
Jurong,2022,12,2,Saturday,Morning,3,3,6,6,December
Jurong,2022,12,3,Sunday,Afternoon,15,9,22,26,December
Jurong,2022,12,3,Sunday,Evening,0,2,1,0,December
Jurong,2022,12,3,Sunday,Morning,1,1,4,6,December
Vivo,2021,1,11,Monday,Afternoon,11,3,9,20,January
Vivo,2021,1,11,Monday,Evening,0,1,2,4,January
Vivo,2021,1,11,Monday,Morning,1,0,6,3,January
Vivo,2021,1,12,Tuesday,Afternoon,4,0,6,13,January
Vivo,2021,1,12,Tuesday,Evening,1,1,1,1,January
Vivo,2021,1,12,Tuesday,Morning,0,2,5,5,January
Vivo,2021,2,11,Thursday,Afternoon,7,1,15,12,February
Vivo,2021,2,11,Thursday,Evening,4,3,5,0,February
Vivo,2021,2,11,Thursday,Morning,7,0,6,15,February
Vivo,2021,2,12,Friday,Afternoon,5,3,11,12,February
Vivo,2021,2,12,Friday,Evening,0,0,0,1,February
Vivo,2021,2,12,Friday,Morning,0,0,7,8,February
Vivo,2021,3,11,Friday,Afternoon,14,7,12,17,March
Vivo,2021,3,11,Friday,Evening,5,3,1,4,March
Vivo,2021,3,11,Friday,Morning,8,1,12,12,March
Vivo,2021,3,12,Saturday,Afternoon,11,6,19,23,March
Vivo,2021,3,12,Saturday,Evening,0,0,1,3,March
Vivo,2021,3,12,Saturday,Morning,0,1,3,12,March
Vivo,2021,4,11,Monday,Afternoon,9,7,12,19,April
Vivo,2021,4,11,Monday,Evening,2,0,5,2,April
Vivo,2021,4,11,Monday,Morning,4,1,7,15,April
Vivo,2021,4,12,Tuesday,Afternoon,6,7,11,20,April
Vivo,2021,4,12,Tuesday,Evening,2,0,1,1,April
Vivo,2021,4,12,Tuesday,Morning,2,1,3,4,April
Vivo,2021,5,11,Wednesday,Afternoon,16,11,13,19,May
Vivo,2021,5,11,Wednesday,Evening,2,1,2,7,May
Vivo,2021,5,11,Wednesday,Morning,4,2,14,22,May
Vivo,2021,5,12,Thursday,Afternoon,5,0,8,10,May
Vivo,2021,5,12,Thursday,Evening,2,0,2,3,May
Vivo,2021,5,12,Thursday,Morning,7,0,4,16,May
Vivo,2021,6,11,Saturday,Afternoon,10,12,13,20,June
Vivo,2021,6,11,Saturday,Evening,3,1,6,0,June
Vivo,2021,6,11,Saturday,Morning,5,3,5,6,June
Vivo,2021,6,12,Sunday,Afternoon,5,1,3,17,June
Vivo,2021,6,12,Sunday,Evening,0,0,2,2,June
Vivo,2021,6,12,Sunday,Morning,2,1,4,11,June
Vivo,2021,7,11,Monday,Afternoon,7,2,12,17,July
Vivo,2021,7,11,Monday,Evening,1,0,1,3,July
Vivo,2021,7,11,Monday,Morning,4,1,8,7,July
Vivo,2021,7,12,Tuesday,Afternoon,1,2,9,16,July
Vivo,2021,7,12,Tuesday,Evening,3,1,0,1,July
Vivo,2021,7,12,Tuesday,Morning,5,0,2,5,July
Vivo,2021,8,11,Thursday,Afternoon,17,3,17,7,August
Vivo,2021,8,11,Thursday,Evening,1,3,0,3,August
Vivo,2021,8,11,Thursday,Morning,3,2,4,7,August
Vivo,2021,8,12,Friday,Afternoon,2,0,4,5,August
Vivo,2021,8,12,Friday,Morning,4,0,4,7,August
Vivo,2021,9,11,Sunday,Afternoon,4,8,5,20,September
Vivo,2021,9,11,Sunday,Evening,0,0,1,0,September
Vivo,2021,9,11,Sunday,Morning,0,0,1,5,September
Vivo,2021,9,12,Monday,Afternoon,4,3,6,15,September
Vivo,2021,9,12,Monday,Evening,0,1,1,2,September
Vivo,2021,9,12,Monday,Morning,4,1,3,8,September
Vivo,2021,10,11,Tuesday,Afternoon,9,4,9,19,October
Vivo,2021,10,11,Tuesday,Evening,1,1,1,3,October
Vivo,2021,10,11,Tuesday,Morning,3,2,5,12,October
Vivo,2021,10,12,Wednesday,Afternoon,3,8,13,11,October
Vivo,2021,10,12,Wednesday,Evening,2,4,1,5,October
Vivo,2021,10,12,Wednesday,Morning,2,1,7,9,October
Vivo,2021,10,30,Sunday,Afternoon,6,9,17,22,October
Vivo,2021,10,30,Sunday,Morning,4,1,11,12,October
Vivo,2021,10,31,Monday,Afternoon,17,3,10,21,October
Vivo,2021,10,31,Monday,Evening,1,0,0,5,October
Vivo,2021,10,31,Monday,Morning,5,0,11,14,October
Vivo,2021,11,11,Friday,Afternoon,13,1,10,12,November
Vivo,2021,11,11,Friday,Evening,2,3,4,3,November
Vivo,2021,11,11,Friday,Morning,4,5,9,16,November
Vivo,2021,11,12,Saturday,Afternoon,3,7,3,14,November
Vivo,2021,11,12,Saturday,Morning,3,0,4,9,November
Vivo,2021,11,13,Sunday,Afternoon,10,4,6,29,November
Vivo,2021,11,13,Sunday,Evening,4,1,2,1,November
Vivo,2021,11,13,Sunday,Morning,2,1,5,7,November
Vivo,2021,11,14,Monday,Afternoon,7,3,12,13,November
Vivo,2021,11,14,Monday,Evening,1,0,1,1,November
Vivo,2021,11,14,Monday,Morning,2,4,1,5,November
Vivo,2021,11,15,Tuesday,Afternoon,6,1,18,16,November
Vivo,2021,11,15,Tuesday,Evening,1,0,1,0,November
Vivo,2021,11,15,Tuesday,Morning,1,2,0,10,November
Vivo,2021,11,16,Wednesday,Afternoon,3,1,21,12,November
Vivo,2021,11,16,Wednesday,Evening,0,1,2,5,November
Vivo,2021,11,16,Wednesday,Morning,3,1,5,8,November
Vivo,2021,11,17,Thursday,Afternoon,5,1,7,27,November
Vivo,2021,11,17,Thursday,Evening,5,0,2,6,November
Vivo,2021,11,17,Thursday,Morning,1,1,7,2,November
Vivo,2021,11,18,Friday,Afternoon,7,4,12,14,November
Vivo,2021,11,18,Friday,Evening,5,1,7,5,November
Vivo,2021,11,18,Friday,Morning,2,1,7,14,November
Vivo,2021,11,19,Saturday,Afternoon,9,4,13,21,November
Vivo,2021,11,19,Saturday,Evening,1,2,2,4,November
Vivo,2021,11,19,Saturday,Morning,2,4,8,23,November
Vivo,2021,11,20,Sunday,Afternoon,15,4,17,32,November
Vivo,2021,11,20,Sunday,Evening,1,0,0,0,November
Vivo,2021,11,20,Sunday,Morning,1,0,1,2,November
Vivo,2021,11,21,Monday,Afternoon,6,0,8,11,November
Vivo,2021,11,21,Monday,Evening,1,0,0,1,November
Vivo,2021,11,21,Monday,Morning,0,1,1,6,November
Vivo,2021,11,22,Tuesday,Afternoon,8,0,4,12,November
Vivo,2021,11,22,Tuesday,Evening,2,1,1,1,November
Vivo,2021,11,22,Tuesday,Morning,1,0,4,6,November
Vivo,2021,11,23,Wednesday,Afternoon,4,2,5,8,November
Vivo,2021,11,23,Wednesday,Evening,0,0,0,4,November
Vivo,2021,11,23,Wednesday,Morning,2,3,2,6,November
Vivo,2021,11,24,Thursday,Afternoon,7,3,9,15,November
Vivo,2021,11,24,Thursday,Evening,2,2,1,3,November
Vivo,2021,11,24,Thursday,Morning,2,2,5,7,November
Vivo,2021,11,25,Friday,Afternoon,3,0,8,11,November
Vivo,2021,11,25,Friday,Evening,2,0,5,0,November
Vivo,2021,11,25,Friday,Morning,1,2,4,14,November
Vivo,2021,11,26,Saturday,Afternoon,5,6,10,17,November
Vivo,2021,11,26,Saturday,Evening,2,2,1,0,November
Vivo,2021,11,26,Saturday,Morning,4,0,5,7,November
Vivo,2021,11,27,Sunday,Afternoon,10,7,5,22,November
Vivo,2021,11,27,Sunday,Evening,0,0,0,1,November
Vivo,2021,11,27,Sunday,Morning,2,2,6,8,November
Vivo,2021,11,28,Monday,Afternoon,2,3,6,7,November
Vivo,2021,11,28,Monday,Evening,1,2,3,2,November
Vivo,2021,11,28,Monday,Morning,0,2,3,8,November
Vivo,2021,11,29,Tuesday,Afternoon,6,1,5,2,November
Vivo,2021,11,29,Tuesday,Evening,1,0,0,1,November
Vivo,2021,11,29,Tuesday,Morning,3,2,4,6,November
Vivo,2021,11,30,Wednesday,Afternoon,4,5,4,14,November
Vivo,2021,11,30,Wednesday,Evening,1,0,2,1,November
Vivo,2021,11,30,Wednesday,Morning,1,1,1,1,November
Vivo,2021,12,11,Sunday,Afternoon,24,8,10,31,December
Vivo,2021,12,11,Sunday,Evening,1,0,1,3,December
Vivo,2021,12,11,Sunday,Morning,4,0,7,13,December
Vivo,2021,12,12,Monday,Afternoon,6,4,6,12,December
Vivo,2021,12,12,Monday,Evening,0,0,1,0,December
Vivo,2021,12,12,Monday,Morning,4,2,4,7,December
Vivo,2021,12,13,Tuesday,Afternoon,2,1,8,10,December
Vivo,2021,12,13,Tuesday,Evening,3,0,1,0,December
Vivo,2021,12,13,Tuesday,Morning,3,2,3,4,December
Vivo,2021,12,14,Wednesday,Afternoon,6,0,7,14,December
Vivo,2021,12,14,Wednesday,Morning,1,0,5,9,December
Vivo,2021,12,15,Thursday,Afternoon,0,5,4,20,December
Vivo,2021,12,15,Thursday,Evening,1,1,3,3,December
Vivo,2021,12,15,Thursday,Morning,1,0,4,5,December
Vivo,2021,12,16,Friday,Afternoon,12,5,9,12,December
Vivo,2021,12,16,Friday,Evening,2,0,2,4,December
Vivo,2021,12,16,Friday,Morning,3,0,4,11,December
Vivo,2021,12,17,Saturday,Afternoon,8,9,10,18,December
Vivo,2021,12,17,Saturday,Evening,1,5,1,0,December
Vivo,2021,12,17,Saturday,Morning,2,3,9,9,December
Vivo,2021,12,18,Sunday,Afternoon,5,7,9,25,December
Vivo,2021,12,18,Sunday,Morning,2,0,1,4,December
Vivo,2021,12,19,Monday,Afternoon,6,2,12,20,December
Vivo,2021,12,19,Monday,Evening,1,0,1,2,December
Vivo,2021,12,19,Monday,Morning,4,3,3,7,December
Vivo,2021,12,20,Tuesday,Afternoon,9,3,3,13,December
Vivo,2021,12,20,Tuesday,Evening,2,0,1,2,December
Vivo,2021,12,20,Tuesday,Morning,3,0,3,5,December
Vivo,2021,12,21,Wednesday,Afternoon,9,3,7,15,December
Vivo,2021,12,21,Wednesday,Evening,0,0,2,1,December
Vivo,2021,12,21,Wednesday,Morning,1,0,5,16,December
Vivo,2021,12,22,Thursday,Afternoon,10,4,8,13,December
Vivo,2021,12,22,Thursday,Evening,2,0,2,1,December
Vivo,2021,12,22,Thursday,Morning,0,1,1,5,December
Vivo,2021,12,23,Friday,Afternoon,7,8,9,20,December
Vivo,2021,12,23,Friday,Morning,3,2,9,12,December
Vivo,2021,12,24,Saturday,Afternoon,11,5,12,19,December
Vivo,2021,12,24,Saturday,Evening,0,1,0,0,December
Vivo,2021,12,24,Saturday,Morning,1,3,8,16,December
Vivo,2021,12,27,Tuesday,Afternoon,5,2,4,12,December
Vivo,2021,12,27,Tuesday,Morning,0,1,0,2,December
Vivo,2021,12,28,Wednesday,Afternoon,4,3,6,17,December
Vivo,2021,12,28,Wednesday,Evening,1,4,1,2,December
Vivo,2021,12,28,Wednesday,Morning,1,0,2,0,December
Vivo,2021,12,29,Thursday,Afternoon,8,5,10,29,December
Vivo,2021,12,29,Thursday,Evening,2,2,0,1,December
Vivo,2021,12,29,Thursday,Morning,0,0,0,4,December
Vivo,2021,12,30,Friday,Afternoon,5,6,8,20,December
Vivo,2021,12,30,Friday,Evening,0,0,1,1,December
Vivo,2021,12,30,Friday,Morning,1,0,2,2,December
Vivo,2021,12,31,Saturday,Afternoon,4,2,15,20,December
Vivo,2021,12,31,Saturday,Evening,1,0,0,0,December
Vivo,2021,12,31,Saturday,Morning,1,1,2,5,December
Vivo,2022,1,2,Monday,Afternoon,4,5,6,14,January
Vivo,2022,1,2,Monday,Evening,2,1,2,3,January
Vivo,2022,1,2,Monday,Morning,1,1,2,11,January
Vivo,2022,1,3,Tuesday,Afternoon,7,2,8,7,January
Vivo,2022,1,3,Tuesday,Evening,0,1,1,2,January
Vivo,2022,1,3,Tuesday,Morning,2,0,3,5,January
Vivo,2022,1,4,Wednesday,Afternoon,13,7,14,17,January
Vivo,2022,1,4,Wednesday,Evening,0,0,2,3,January
Vivo,2022,1,4,Wednesday,Morning,10,0,2,12,January
Vivo,2022,1,13,Friday,Afternoon,7,2,10,15,January
Vivo,2022,1,13,Friday,Evening,2,0,3,0,January
Vivo,2022,1,13,Friday,Morning,1,1,2,4,January
Vivo,2022,1,14,Saturday,Afternoon,19,4,13,18,January
Vivo,2022,1,14,Saturday,Evening,1,1,0,1,January
Vivo,2022,1,14,Saturday,Morning,7,1,6,6,January
Vivo,2022,1,15,Sunday,Afternoon,9,2,7,17,January
Vivo,2022,1,15,Sunday,Evening,3,1,2,3,January
Vivo,2022,1,15,Sunday,Morning,2,0,2,6,January
Vivo,2022,1,16,Monday,Afternoon,3,0,3,8,January
Vivo,2022,1,16,Monday,Evening,2,0,0,0,January
Vivo,2022,1,16,Monday,Morning,3,0,1,5,January
Vivo,2022,1,17,Tuesday,Afternoon,10,1,8,11,January
Vivo,2022,1,17,Tuesday,Evening,0,0,2,2,January
Vivo,2022,1,17,Tuesday,Morning,2,0,5,3,January
Vivo,2022,1,18,Wednesday,Afternoon,3,0,7,3,January
Vivo,2022,1,18,Wednesday,Evening,2,2,3,1,January
Vivo,2022,1,18,Wednesday,Morning,2,1,2,6,January
Vivo,2022,1,19,Thursday,Afternoon,9,2,10,16,January
Vivo,2022,1,19,Thursday,Morning,1,3,4,5,January
Vivo,2022,1,20,Friday,Afternoon,9,2,6,16,January
Vivo,2022,1,20,Friday,Evening,0,0,3,1,January
Vivo,2022,1,20,Friday,Morning,2,2,2,7,January
Vivo,2022,1,21,Saturday,Afternoon,13,9,11,19,January
Vivo,2022,1,21,Saturday,Evening,3,2,0,2,January
Vivo,2022,1,21,Saturday,Morning,3,0,7,10,January
Vivo,2022,1,22,Sunday,Afternoon,10,8,17,19,January
Vivo,2022,1,22,Sunday,Morning,3,4,3,13,January
Vivo,2022,1,23,Monday,Afternoon,11,2,10,19,January
Vivo,2022,1,23,Monday,Evening,2,2,1,1,January
Vivo,2022,1,23,Monday,Morning,0,3,1,1,January
Vivo,2022,1,24,Tuesday,Afternoon,5,6,18,10,January
Vivo,2022,1,24,Tuesday,Evening,2,0,1,2,January
Vivo,2022,1,24,Tuesday,Morning,1,0,1,4,January
Vivo,2022,1,25,Wednesday,Afternoon,2,1,11,8,January
Vivo,2022,1,25,Wednesday,Evening,1,0,0,0,January
Vivo,2022,1,25,Wednesday,Morning,1,1,0,5,January
Vivo,2022,1,26,Thursday,Afternoon,9,3,8,16,January
Vivo,2022,1,26,Thursday,Morning,3,0,0,6,January
Vivo,2022,1,27,Friday,Afternoon,9,2,12,15,January
Vivo,2022,1,27,Friday,Evening,2,1,3,6,January
Vivo,2022,1,27,Friday,Morning,1,2,3,10,January
Vivo,2022,1,28,Saturday,Afternoon,7,16,16,23,January
Vivo,2022,1,28,Saturday,Evening,0,1,2,3,January
Vivo,2022,1,28,Saturday,Morning,5,6,9,14,January
Vivo,2022,1,29,Sunday,Afternoon,7,7,19,18,January
Vivo,2022,1,29,Sunday,Evening,0,1,3,3,January
Vivo,2022,1,29,Sunday,Morning,1,1,0,5,January
Vivo,2022,1,30,Monday,Afternoon,7,1,5,12,January
Vivo,2022,1,30,Monday,Evening,1,0,0,1,January
Vivo,2022,1,30,Monday,Morning,0,0,1,4,January
Vivo,2022,1,31,Tuesday,Afternoon,6,3,6,10,January
Vivo,2022,1,31,Tuesday,Evening,2,0,0,2,January
Vivo,2022,1,31,Tuesday,Morning,4,0,6,5,January
Vivo,2022,2,2,Thursday,Afternoon,6,4,10,11,February
Vivo,2022,2,2,Thursday,Evening,1,0,1,2,February
Vivo,2022,2,2,Thursday,Morning,4,1,0,3,February
Vivo,2022,2,3,Friday,Afternoon,2,2,8,22,February
Vivo,2022,2,3,Friday,Evening,4,0,3,2,February
Vivo,2022,2,3,Friday,Morning,1,1,1,3,February
Vivo,2022,2,4,Saturday,Afternoon,7,4,9,11,February
Vivo,2022,2,4,Saturday,Morning,1,1,2,11,February
Vivo,2022,2,13,Monday,Afternoon,17,3,17,21,February
Vivo,2022,2,13,Monday,Evening,0,0,1,2,February
Vivo,2022,2,13,Monday,Morning,0,0,1,6,February
Vivo,2022,2,14,Tuesday,Afternoon,14,5,8,14,February
Vivo,2022,2,14,Tuesday,Evening,1,2,0,2,February
Vivo,2022,2,14,Tuesday,Morning,2,1,1,4,February
Vivo,2022,2,15,Wednesday,Afternoon,4,6,10,9,February
Vivo,2022,2,15,Wednesday,Evening,0,0,0,1,February
Vivo,2022,2,15,Wednesday,Morning,0,1,2,4,February
Vivo,2022,2,16,Thursday,Afternoon,11,1,12,8,February
Vivo,2022,2,16,Thursday,Morning,2,0,0,5,February
Vivo,2022,2,17,Friday,Afternoon,14,5,19,15,February
Vivo,2022,2,17,Friday,Evening,2,1,2,5,February
Vivo,2022,2,17,Friday,Morning,2,0,6,3,February
Vivo,2022,2,18,Saturday,Afternoon,8,5,21,28,February
Vivo,2022,2,18,Saturday,Evening,5,1,2,3,February
Vivo,2022,2,18,Saturday,Morning,1,3,7,10,February
Vivo,2022,2,19,Sunday,Afternoon,17,7,16,30,February
Vivo,2022,2,19,Sunday,Morning,3,3,1,4,February
Vivo,2022,2,20,Monday,Afternoon,5,4,5,13,February
Vivo,2022,2,20,Monday,Evening,1,1,0,4,February
Vivo,2022,2,20,Monday,Morning,1,0,1,7,February
Vivo,2022,2,21,Tuesday,Afternoon,5,2,5,9,February
Vivo,2022,2,21,Tuesday,Evening,3,1,4,4,February
Vivo,2022,2,21,Tuesday,Morning,1,0,0,2,February
Vivo,2022,2,22,Wednesday,Afternoon,5,3,11,13,February
Vivo,2022,2,22,Wednesday,Evening,1,0,3,2,February
Vivo,2022,2,22,Wednesday,Morning,1,0,1,2,February
Vivo,2022,2,23,Thursday,Afternoon,5,4,8,15,February
Vivo,2022,2,23,Thursday,Evening,2,1,1,3,February
Vivo,2022,2,23,Thursday,Morning,4,1,1,3,February
Vivo,2022,2,24,Friday,Afternoon,8,2,12,15,February
Vivo,2022,2,24,Friday,Evening,4,1,4,3,February
Vivo,2022,2,24,Friday,Morning,6,0,4,6,February
Vivo,2022,2,25,Saturday,Afternoon,7,4,10,13,February
Vivo,2022,2,25,Saturday,Evening,6,1,2,3,February
Vivo,2022,2,25,Saturday,Morning,6,1,4,11,February
Vivo,2022,2,26,Sunday,Afternoon,14,8,19,23,February
Vivo,2022,2,26,Sunday,Evening,2,0,2,0,February
Vivo,2022,2,26,Sunday,Morning,2,2,3,8,February
Vivo,2022,2,27,Monday,Afternoon,2,0,5,14,February
Vivo,2022,2,27,Monday,Evening,0,0,0,3,February
Vivo,2022,2,27,Monday,Morning,1,0,5,6,February
Vivo,2022,2,28,Tuesday,Afternoon,1,2,4,11,February
Vivo,2022,2,28,Tuesday,Evening,1,1,3,5,February
Vivo,2022,2,28,Tuesday,Morning,4,0,1,7,February
Vivo,2022,3,1,Wednesday,Afternoon,8,2,3,9,March
Vivo,2022,3,1,Wednesday,Evening,0,1,0,2,March
Vivo,2022,3,1,Wednesday,Morning,1,2,0,13,March
Vivo,2022,3,2,Thursday,Afternoon,9,2,10,12,March
Vivo,2022,3,2,Thursday,Evening,1,2,1,2,March
Vivo,2022,3,2,Thursday,Morning,3,1,3,9,March
Vivo,2022,3,3,Friday,Afternoon,8,3,15,16,March
Vivo,2022,3,3,Friday,Morning,2,1,5,14,March
Vivo,2022,3,4,Saturday,Afternoon,10,3,10,9,March
Vivo,2022,3,4,Saturday,Evening,3,0,3,5,March
Vivo,2022,3,4,Saturday,Morning,3,2,2,8,March
Vivo,2022,3,13,Monday,Afternoon,2,3,16,15,March
Vivo,2022,3,13,Monday,Evening,2,0,1,1,March
Vivo,2022,3,13,Monday,Morning,3,1,3,2,March
Vivo,2022,3,14,Tuesday,Afternoon,5,2,12,9,March
Vivo,2022,3,14,Tuesday,Evening,4,2,1,3,March
Vivo,2022,3,14,Tuesday,Morning,2,0,4,5,March
Vivo,2022,3,15,Wednesday,Afternoon,6,3,2,7,March
Vivo,2022,3,15,Wednesday,Evening,0,1,1,8,March
Vivo,2022,3,15,Wednesday,Morning,1,1,0,4,March
Vivo,2022,3,16,Thursday,Afternoon,3,2,6,8,March
Vivo,2022,3,16,Thursday,Evening,2,1,0,4,March
Vivo,2022,3,16,Thursday,Morning,4,6,6,10,March
Vivo,2022,3,17,Friday,Afternoon,16,3,3,14,March
Vivo,2022,3,17,Friday,Evening,1,1,0,3,March
Vivo,2022,3,17,Friday,Morning,2,5,6,10,March
Vivo,2022,3,18,Saturday,Afternoon,7,4,12,25,March
Vivo,2022,3,18,Saturday,Evening,3,1,1,1,March
Vivo,2022,3,18,Saturday,Morning,5,0,8,15,March
Vivo,2022,3,19,Sunday,Afternoon,10,4,16,13,March
Vivo,2022,3,19,Sunday,Evening,0,1,0,0,March
Vivo,2022,3,19,Sunday,Morning,0,1,0,4,March
Vivo,2022,3,20,Monday,Afternoon,8,1,9,12,March
Vivo,2022,3,20,Monday,Evening,2,0,1,1,March
Vivo,2022,3,20,Monday,Morning,2,1,1,8,March
Vivo,2022,3,21,Tuesday,Afternoon,4,3,8,20,March
Vivo,2022,3,21,Tuesday,Evening,0,0,1,2,March
Vivo,2022,3,21,Tuesday,Morning,3,1,5,7,March
Vivo,2022,3,22,Wednesday,Afternoon,3,2,9,9,March
Vivo,2022,3,22,Wednesday,Evening,1,0,2,1,March
Vivo,2022,3,22,Wednesday,Morning,5,2,2,9,March
Vivo,2022,3,23,Thursday,Afternoon,5,1,15,16,March
Vivo,2022,3,23,Thursday,Evening,1,3,0,0,March
Vivo,2022,3,23,Thursday,Morning,4,0,4,6,March
Vivo,2022,3,24,Friday,Afternoon,14,0,11,18,March
Vivo,2022,3,24,Friday,Evening,2,1,0,4,March
Vivo,2022,3,24,Friday,Morning,1,0,4,10,March
Vivo,2022,3,25,Saturday,Afternoon,16,10,23,31,March
Vivo,2022,3,25,Saturday,Evening,4,2,1,3,March
Vivo,2022,3,25,Saturday,Morning,8,3,7,11,March
Vivo,2022,3,26,Sunday,Afternoon,8,5,16,19,March
Vivo,2022,3,26,Sunday,Evening,2,2,3,3,March
Vivo,2022,3,26,Sunday,Morning,3,1,8,7,March
Vivo,2022,3,27,Monday,Afternoon,6,5,8,15,March
Vivo,2022,3,27,Monday,Evening,0,0,2,0,March
Vivo,2022,3,27,Monday,Morning,2,0,1,4,March
Vivo,2022,3,28,Tuesday,Afternoon,9,4,14,12,March
Vivo,2022,3,28,Tuesday,Evening,3,0,0,2,March
Vivo,2022,3,28,Tuesday,Morning,1,1,1,7,March
Vivo,2022,3,29,Wednesday,Afternoon,4,1,10,12,March
Vivo,2022,3,29,Wednesday,Evening,2,0,6,1,March
Vivo,2022,3,29,Wednesday,Morning,1,3,2,4,March
Vivo,2022,3,30,Thursday,Afternoon,8,0,7,8,March
Vivo,2022,3,30,Thursday,Evening,0,0,2,2,March
Vivo,2022,3,30,Thursday,Morning,5,5,1,7,March
Vivo,2022,3,31,Friday,Afternoon,9,3,6,16,March
Vivo,2022,3,31,Friday,Evening,3,2,1,2,March
Vivo,2022,3,31,Friday,Morning,4,1,5,12,March
Vivo,2022,4,1,Saturday,Afternoon,5,1,6,11,April
Vivo,2022,4,1,Saturday,Evening,1,0,1,1,April
Vivo,2022,4,1,Saturday,Morning,1,1,1,7,April
Vivo,2022,4,2,Sunday,Afternoon,17,7,15,28,April
Vivo,2022,4,2,Sunday,Evening,5,18,7,6,April
Vivo,2022,4,2,Sunday,Morning,4,0,4,14,April
Vivo,2022,4,3,Monday,Afternoon,14,11,29,25,April
Vivo,2022,4,3,Monday,Evening,2,3,3,3,April
Vivo,2022,4,3,Monday,Morning,2,5,6,14,April
Vivo,2022,4,4,Tuesday,Afternoon,5,5,10,17,April
Vivo,2022,4,4,Tuesday,Evening,1,0,0,1,April
Vivo,2022,4,4,Tuesday,Morning,3,0,3,9,April
Vivo,2022,5,1,Monday,Afternoon,6,3,7,11,May
Vivo,2022,5,1,Monday,Morning,2,2,2,5,May
Vivo,2022,5,2,Tuesday,Afternoon,16,8,12,28,May
Vivo,2022,5,2,Tuesday,Morning,2,2,5,4,May
Vivo,2022,5,3,Wednesday,Afternoon,12,3,13,16,May
Vivo,2022,5,3,Wednesday,Evening,0,4,0,0,May
Vivo,2022,5,3,Wednesday,Morning,3,1,5,8,May
Vivo,2022,5,4,Thursday,Afternoon,15,2,8,13,May
Vivo,2022,5,4,Thursday,Evening,4,0,5,4,May
Vivo,2022,5,4,Thursday,Morning,2,2,5,7,May
Vivo,2022,6,1,Thursday,Afternoon,3,0,7,12,June
Vivo,2022,6,1,Thursday,Evening,0,1,1,1,June
Vivo,2022,6,1,Thursday,Morning,5,0,2,8,June
Vivo,2022,6,2,Friday,Afternoon,13,2,14,18,June
Vivo,2022,6,2,Friday,Evening,1,0,3,0,June
Vivo,2022,6,2,Friday,Morning,1,0,5,11,June
Vivo,2022,6,3,Saturday,Afternoon,7,1,6,16,June
Vivo,2022,6,3,Saturday,Morning,0,0,1,3,June
Vivo,2022,6,4,Sunday,Afternoon,12,1,8,11,June
Vivo,2022,6,4,Sunday,Evening,0,0,2,1,June
Vivo,2022,6,4,Sunday,Morning,5,0,5,7,June
Vivo,2022,7,1,Saturday,Afternoon,7,9,20,31,July
Vivo,2022,7,1,Saturday,Evening,4,2,1,1,July
Vivo,2022,7,1,Saturday,Morning,1,1,5,10,July
Vivo,2022,7,2,Sunday,Afternoon,6,5,7,9,July
Vivo,2022,7,2,Sunday,Evening,2,2,4,2,July
Vivo,2022,7,2,Sunday,Morning,4,0,1,9,July
Vivo,2022,7,3,Monday,Afternoon,6,0,12,16,July
Vivo,2022,7,3,Monday,Evening,0,0,1,0,July
Vivo,2022,7,3,Monday,Morning,1,1,2,12,July
Vivo,2022,7,4,Tuesday,Afternoon,3,2,10,10,July
Vivo,2022,7,4,Tuesday,Evening,1,0,1,1,July
Vivo,2022,7,4,Tuesday,Morning,3,0,4,7,July
Vivo,2022,8,1,Tuesday,Afternoon,6,6,9,17,August
Vivo,2022,8,1,Tuesday,Morning,0,0,2,3,August
Vivo,2022,8,2,Wednesday,Afternoon,9,3,9,14,August
Vivo,2022,8,2,Wednesday,Evening,1,1,1,3,August
Vivo,2022,8,2,Wednesday,Morning,1,0,2,7,August
Vivo,2022,8,3,Thursday,Afternoon,2,2,7,8,August
Vivo,2022,8,3,Thursday,Evening,3,1,1,0,August
Vivo,2022,8,3,Thursday,Morning,1,0,1,6,August
Vivo,2022,8,4,Friday,Afternoon,7,6,13,11,August
Vivo,2022,8,4,Friday,Evening,5,5,3,4,August
Vivo,2022,8,4,Friday,Morning,8,6,6,13,August
Vivo,2022,9,1,Friday,Afternoon,5,2,3,10,September
Vivo,2022,9,1,Friday,Morning,2,1,1,9,September
Vivo,2022,9,2,Saturday,Afternoon,14,2,18,21,September
Vivo,2022,9,2,Saturday,Evening,0,0,0,1,September
Vivo,2022,9,2,Saturday,Morning,3,1,2,5,September
Vivo,2022,9,3,Sunday,Afternoon,9,2,14,12,September
Vivo,2022,9,3,Sunday,Evening,1,1,0,4,September
Vivo,2022,9,3,Sunday,Morning,4,2,3,6,September
Vivo,2022,9,4,Monday,Afternoon,1,1,6,6,September
Vivo,2022,9,4,Monday,Morning,1,2,2,2,September
Vivo,2022,10,1,Sunday,Afternoon,6,0,7,8,October
Vivo,2022,10,1,Sunday,Evening,0,0,0,1,October
Vivo,2022,10,1,Sunday,Morning,2,1,0,5,October
Vivo,2022,10,2,Monday,Afternoon,9,3,13,20,October
Vivo,2022,10,2,Monday,Evening,0,1,0,0,October
Vivo,2022,10,2,Monday,Morning,1,2,3,6,October
Vivo,2022,10,3,Tuesday,Afternoon,9,1,12,11,October
Vivo,2022,10,3,Tuesday,Evening,1,0,1,1,October
Vivo,2022,10,3,Tuesday,Morning,4,2,6,13,October
Vivo,2022,11,1,Wednesday,Afternoon,3,2,2,9,November
Vivo,2022,11,1,Wednesday,Evening,1,2,1,0,November
Vivo,2022,11,1,Wednesday,Morning,4,3,4,6,November
Vivo,2022,11,2,Thursday,Afternoon,8,2,9,19,November
Vivo,2022,11,2,Thursday,Evening,1,1,4,3,November
Vivo,2022,11,2,Thursday,Morning,5,2,11,5,November
Vivo,2022,11,3,Friday,Afternoon,14,7,22,25,November
Vivo,2022,11,3,Friday,Evening,2,2,2,6,November
Vivo,2022,11,3,Friday,Morning,4,6,7,9,November
Vivo,2022,12,1,Friday,Afternoon,8,1,0,10,December
Vivo,2022,12,1,Friday,Evening,0,0,0,1,December
Vivo,2022,12,1,Friday,Morning,3,1,3,4,December
Vivo,2022,12,2,Saturday,Afternoon,8,2,2,20,December
Vivo,2022,12,2,Saturday,Morning,1,0,4,9,December
Vivo,2022,12,3,Sunday,Afternoon,11,8,12,21,December
Vivo,2022,12,3,Sunday,Evening,0,0,0,1,December
Vivo,2022,12,3,Sunday,Morning,1,1,0,4,December
